,station_complex,borough,routes,weekend,latitude,longitude,ridership,average
0,"Times Sq-42 St (N,Q,R,W,S,1,2,3,7)/42 St (A,C,E)/Bryant Pk (B,D,F,M)/5 Av (7)",M,"3,C,1,2,S,7,F,M,E,N,R,Q,,B,W,A,D",False,40.75730895996094,-73.98196411132812,35429402,7085880.4
1,"Grand Central-42 St (S,4,5,6,7)",M,"5,S,4,7,6",False,40.75177764892578,-73.97684478759766,21279518,4255903.6
2,"34 St-Herald Sq (B,D,F,M,N,Q,R,W)",M,"F,M,N,R,Q,B,W,D",False,40.74971771240234,-73.98782348632812,15434541,3086908.2
3,"14 St-Union Sq (L,N,Q,R,W,4,5,6)",M,"5,N,R,Q,4,L,W,6",False,40.73573684692383,-73.98995208740234,13808191,2761638.2
4,"Fulton St (A,C,J,Z,2,3,4,5)",M,"J,C,3,2,5,Z,4,A",False,40.71037292480469,-74.0065689086914,12381100,2476220.0
5,"34 St-Penn Station (A,C,E)",M,"C,E,A",False,40.752288818359375,-73.99339294433594,11286809,2257361.8
6,"59 St-Columbus Circle (A,B,C,D,1)",M,"C,1,B,A,D",False,40.76829528808594,-73.98173522949219,10359897,2071979.4
7,"34 St-Penn Station (1,2,3)",M,"3,1,2",False,40.75037384033203,-73.99105834960938,10204712,2040942.4
8,"74-Broadway (7)/Jackson Hts-Roosevelt Av (E,F,M,R)",Q,"F,M,E,R,,7",False,40.746849060058594,-73.8913345336914,9288982,1857796.4
9,Flushing-Main St (7),Q,7,False,40.75960159301758,-73.83003234863281,9275038,1855007.6
10,"Chambers St (A,C)/WTC (E)/Park Pl (2,3)/Cortlandt (R,W)",M,"3,C,E,2,R,,A,W",False,40.714111328125,-74.00858306884766,8740507,1748101.4
11,"Lexington Av-53 St (E,M)/51 St (6)",M,"M,E,,6",False,40.75755310058594,-73.96905517578125,8001923,1600384.6
12,"47-50 Sts-Rockefeller Center (B,D,F,M)",M,"F,M,B,D",False,40.75866317749024,-73.98133087158203,7908026,1581605.2
13,"Lexington Av (N,R,W)/59 St (4,5,6)",M,"5,N,R,4,,W,6",False,40.76266098022461,-73.96725463867188,7901965,1580393.0
14,"14 St (F,M,1,2,3)/6 Av (L)",M,"F,M,3,1,2,,L",False,40.73822784423828,-73.99620819091797,7553901,1510780.2
15,"14 St (A,C,E)/8 Av (L)",M,"C,E,,A,L",False,40.74089431762695,-74.00169372558594,7006226,1401245.2
16,"86 St (4,5,6)",M,"5,4,6",False,40.77949142456055,-73.9555892944336,6906665,1381333.0
17,"Canal St (J,N,Q,R,W,Z,6)",M,"J,N,R,Z,Q,W,6",False,40.71952819824219,-73.99989318847656,6580636,1316127.2
18,"Atlantic Av-Barclays Ctr (B,D,N,Q,R,2,3,4,5)",BK,"3,2,5,N,R,Q,4,B,D",False,40.6844596862793,-73.97689056396484,6394138,1278827.6
19,"West 4 St-Washington Sq (A,B,C,D,E,F,M)",M,"F,M,C,E,B,A,D",False,40.73233795166016,-74.00049591064453,6209490,1241898.0
20,"Broadway-Lafayette St (B,D,F,M)/Bleecker St (6)",M,"F,M,B,,D,6",False,40.72591400146485,-73.99465942382812,5785509,1157101.8
21,"72 St (1,2,3)",M,"3,1,2",False,40.7784538269043,-73.98197174072266,5771344,1154268.8
22,"Jay St-MetroTech (A,C,F,R)",BK,"F,C,R,A",False,40.69233703613281,-73.9859390258789,5279759,1055951.8
23,"96 St (1,2,3)",M,"3,1,2",False,40.79391860961914,-73.97232055664062,5195168,1039033.6
24,Bedford Av (L),BK,L,False,40.71730422973633,-73.95687103271484,5095258,1019051.6
25,"57 St-7 Av (N,Q,R,W)",M,"N,R,Q,W",False,40.76466369628906,-73.98065948486328,4941518,988303.6
26,72 St (Q),M,Q,False,40.768798828125,-73.95842742919922,4531665,906333.0
27,"Court St (R)/Borough Hall (2,3,4,5)",BK,"3,2,5,R,4,",False,40.69409942626953,-73.98999786376953,4495399,899079.8
28,"Delancey St (F)/Essex St (J,M,Z)",M,"F,M,J,Z,",False,40.71861267089844,-73.98743438720703,4407375,881475.0
29,Junction Blvd (7),Q,7,False,40.7491455078125,-73.8695297241211,4331511,866302.2
30,"Jamaica Center-Parsons-Archer (E,J,Z)",Q,"J,E,Z",False,40.7021484375,-73.80110931396484,4323594,864718.8
31,103 St-Corona Plaza (7),Q,7,False,40.7498664855957,-73.86270141601562,4315723,863144.6
32,77 St (6),M,6,False,40.77362060546875,-73.95987701416016,4297608,859521.6
33,"Brooklyn Bridge-City Hall (4,5,6)/Chambers St (J,Z)",M,"J,5,Z,4,,6",False,40.71324157714844,-74.00340270996094,4180159,836031.8
34,"South Ferry (1)/Whitehall St (R,W)",M,"1,R,,W",False,40.703086853027344,-74.01299285888672,4127874,825574.8
35,"Sutphin Blvd-Archer Av-JFK Airport (E,J,Z)",Q,"J,E,Z",False,40.70048522949219,-73.80796813964844,4123446,824689.2
36,"Forest Hills-71 Av (E,F,M,R)",Q,"F,M,E,R",False,40.7216911315918,-73.84452056884766,3930997,786199.4
37,33 St (6),M,6,False,40.7460823059082,-73.9820785522461,3904664,780932.8
38,50 St (1),M,1,False,40.76172637939453,-73.98384857177734,3826443,765288.6
39,23 St (6),M,6,False,40.739864349365234,-73.98660278320312,3820971,764194.2
40,"23 St (F,M)",M,"F,M",False,40.74287796020508,-73.9928207397461,3801840,760368.0
41,1 Av (L),M,L,False,40.730953216552734,-73.98162841796875,3761377,752275.4
42,"Grand St (B,D)",M,"B,D",False,40.71826553344727,-73.9937515258789,3759196,751839.2
43,"125 St (A,B,C,D)",M,"C,B,A,D",False,40.81110763549805,-73.95234680175781,3740977,748195.4
44,68 St-Hunter College (6),M,6,False,40.76814270019531,-73.9638671875,3728963,745792.6
45,34 St-Hudson Yards (7),M,7,False,40.7558822631836,-74.00190734863281,3677719,735543.8
46,"Court Sq (E,G,M,7)",Q,"M,E,G,7",False,40.74784469604492,-73.94383239746094,3675837,735167.4
47,"Kew Gardens-Union Turnpike (E,F)",Q,"F,E",False,40.71443939208984,-73.83100891113281,3606731,721346.2
48,86 St (Q),M,Q,False,40.77788925170898,-73.95178985595703,3583476,716695.2
49,"Crown Heights-Utica Av (3,4)",BK,"3,4",False,40.66889572143555,-73.93294525146484,3565561,713112.2
50,"168 St (A,C,1)",M,"C,1,A",False,40.84071731567383,-73.93955993652344,3562207,712441.4
51,"161 St-Yankee Stadium (B,D,4)",BX,"4,B,D",False,40.82799530029297,-73.92565155029297,3561893,712378.6
52,"Bowling Green (4,5)",M,"5,4",False,40.70481872558594,-74.01406860351562,3529226,705845.2
53,"49 St (N,R,W)",M,"N,R,W",False,40.7598991394043,-73.98413848876953,3400107,680021.4
54,"125 St (4,5,6)",M,"5,4,6",False,40.80413818359375,-73.93759155273438,3372089,674417.8
55,"Myrtle-Wyckoff Avs (L,M)",BK,"M,L",False,40.69981384277344,-73.91158294677734,3314352,662870.4
56,"5 Av-53 St (E,M)",M,"M,E",False,40.76016616821289,-73.97522735595703,3306139,661227.8
57,"145 St (A,B,C,D)",M,"C,B,A,D",False,40.82478332519531,-73.9442138671875,3173082,634616.4
58,66 St-Lincoln Center (1),M,1,False,40.77344131469727,-73.98220825195312,3143619,628723.8
59,"Kings Hwy (B,Q)",BK,"Q,B",False,40.60866928100586,-73.95773315429688,3067939,613587.8
60,"50 St (C,E)",M,"C,E",False,40.762454986572266,-73.9859848022461,3049629,609925.8
61,"DeKalb Av (B,Q,R)",BK,"R,Q,B",False,40.69063568115234,-73.98182678222656,2985924,597184.8
62,"23 St (C,E)",M,"C,E",False,40.745906829833984,-73.99803924560547,2985782,597156.4
63,28 St (6),M,6,False,40.74306869506836,-73.98426055908203,2984471,596894.2
64,90 St-Elmhurst Av (7),Q,7,False,40.74840927124024,-73.8766098022461,2951656,590331.2
65,Jamaica-179 St (F),Q,F,False,40.712646484375,-73.7838134765625,2926961,585392.2
66,Woodside-61 St (7),Q,7,False,40.7456283569336,-73.90298461914062,2907683,581536.6
67,"Woodhaven Blvd (M,R)",Q,"M,R",False,40.73310470581055,-73.86923217773438,2891856,578371.2
68,"23 St (R,W)",M,"R,W",False,40.741302490234375,-73.98934173583984,2740612,548122.4
69,"Lexington Av-63 St (F,Q)",M,"F,Q",False,40.76462936401367,-73.96611022949219,2738839,547767.8
70,"Chambers St (1,2,3)",M,"3,1,2",False,40.715476989746094,-74.00926971435547,2726017,545203.4
71,"Canal St (A,C,E)",M,"C,E,A",False,40.7208251953125,-74.0052261352539,2708618,541723.6
72,"Grand Av-Newtown (M,R)",Q,"M,R",False,40.73701477050781,-73.8772201538086,2705628,541125.6
73,96 St (6),M,6,False,40.78567123413086,-73.9510726928711,2697457,539491.4
74,"Wall St (2,3)",M,"3,2",False,40.70682144165039,-74.00910186767578,2683767,536753.4
75,"Flatbush Av-Brooklyn College (2,5)",BK,"2,5",False,40.6328353881836,-73.94763946533203,2671963,534392.6
76,"7 Av (B,D,E)",M,"E,B,D",False,40.76286315917969,-73.98163604736328,2641241,528248.2
77,86 St (1),M,1,False,40.78864288330078,-73.9762191772461,2640350,528070.0
78,96 St (Q),M,Q,False,40.78431701660156,-73.94715118408203,2638884,527776.8
79,"Nostrand Av (A,C)",BK,"C,A",False,40.68043899536133,-73.95042419433594,2545926,509185.2
80,Vernon Blvd-Jackson Av (7),Q,7,False,40.74262619018555,-73.95358276367188,2523806,504761.2
81,2 Av (F),M,F,False,40.7234001159668,-73.98993682861328,2490853,498170.6
82,"Queens Plaza (E,M,R)",Q,"M,E,R",False,40.74897384643555,-73.93724060058594,2456751,491350.2
83,"Wall St (4,5)",M,"5,4",False,40.707557678222656,-74.0118637084961,2392049,478409.8
84,Lorimer St (L)/Metropolitan Av (G),BK,"G,,L",False,40.71406173706055,-73.95027160644531,2384831,476966.2
85,East Broadway (F),M,F,False,40.713714599609375,-73.99017333984375,2358760,471752.0
86,Astor Place (6),M,6,False,40.73005294799805,-73.99107360839844,2343800,468760.0
87,"3 Av-149 St (2,5)",BX,"2,5",False,40.81610870361328,-73.91775512695312,2343411,468682.2
88,116 St-Columbia University (1),M,1,False,40.80772018432617,-73.964111328125,2340464,468092.8
89,"8 St-New York University (R,W)",M,"R,W",False,40.73032760620117,-73.99263000488281,2338680,467736.0
90,"36 St (D,N,R)",BK,"N,R,D",False,40.65514373779297,-74.00354766845703,2309047,461809.4
91,Parkchester (6),BX,6,False,40.83322525024414,-73.8608169555664,2287337,457467.4
92,"Queensboro Plaza (N,W,7)",Q,"N,W,7",False,40.75058364868164,-73.94020080566406,2285301,457060.2
93,"Church Av (B,Q)",BK,"Q,B",False,40.65052795410156,-73.96298217773438,2269166,453833.2
94,79 St (1),M,1,False,40.783935546875,-73.97991943359375,2260187,452037.4
95,"Astoria-Ditmars Blvd (N,W)",Q,"N,W",False,40.7750358581543,-73.91203308105469,2246825,449365.0
96,"Coney Island-Stillwell Av (D,F,N,Q)",BK,"F,N,Q,D",False,40.577423095703125,-73.98123168945312,2222242,444448.4
97,"5 Av-59 St (N,R,W)",M,"N,R,W",False,40.76481246948242,-73.97335052490234,2212934,442586.8
98,"Franklin Av (2,3,4,5)/Botanic Garden (S)",BK,"3,2,5,4,,S",False,40.67068099975586,-73.9581298828125,2179145,435829.0
99,"63 Dr-Rego Park (M,R)",Q,"M,R",False,40.7298469543457,-73.86160278320312,2147154,429430.8
100,"81 St-Museum of Natural History (B,C)",M,"C,B",False,40.78143310546875,-73.9721450805664,2134380,426876.0
101,York St (F),BK,F,False,40.70139694213867,-73.98674774169922,2044424,408884.8
102,"30 Av (N,W)",Q,"N,W",False,40.76678085327149,-73.92147827148438,2041873,408374.6
103,"Sheepshead Bay (B,Q)",BK,"Q,B",False,40.58689498901367,-73.95415496826172,2032284,406456.8
104,"Spring St (C,E)",M,"C,E",False,40.72622680664063,-74.00373840332031,2031682,406336.4
105,28 St (1),M,1,False,40.747215270996094,-73.99336242675781,2023793,404758.6
106,WTC Cortlandt (1),M,1,False,40.71183395385742,-74.01219177246094,2021046,404209.2
107,23 St (1),M,1,False,40.74407958984375,-73.99565887451172,2008026,401605.2
108,"Utica Av (A,C)",BK,"C,A",False,40.67936325073242,-73.93073272705078,1990942,398188.4
109,46 St-Bliss St (7),Q,7,False,40.74313354492188,-73.9184341430664,1958844,391768.8
110,82 St-Jackson Hts (7),Q,7,False,40.747657775878906,-73.88369750976562,1930659,386131.8
111,"59 St (N,R)",BK,"N,R",False,40.641361236572266,-74.01788330078125,1929533,385906.6
112,"Marcy Av (J,M,Z)",BK,"M,J,Z",False,40.70835876464844,-73.95775604248047,1919725,383945.0
113,57 St (F),M,F,False,40.763973236083984,-73.97744750976562,1915204,383040.8
114,Houston St (1),M,1,False,40.72825241088867,-74.00536346435547,1898474,379694.8
115,116 St (6),M,6,False,40.79862976074219,-73.94161987304688,1895351,379070.2
116,"4 Av (F,G)/9 St (R)",BK,"F,R,G,",False,40.67084884643555,-73.9883041381836,1892098,378419.6
117,103 St (1),M,1,False,40.79944610595703,-73.96837615966797,1874070,374814.0
118,Cathedral Pkwy-110 St (1),M,1,False,40.8039665222168,-73.96685028076172,1861552,372310.4
119,DeKalb Av (L),BK,L,False,40.70381164550781,-73.91842651367188,1842422,368484.4
120,"Broadway (N,W)",Q,"N,W",False,40.76182174682617,-73.92550659179688,1838006,367601.2
121,"Steinway St (M,R)",Q,"M,R",False,40.75687789916992,-73.92073822021484,1837284,367456.8
122,103 St (6),M,6,False,40.79059982299805,-73.94747924804688,1832167,366433.4
123,137 St-City College (1),M,1,False,40.82200622558594,-73.95367431640625,1830090,366018.0
124,"Elmhurst Av (M,R)",Q,"M,R",False,40.742454528808594,-73.88201904296875,1829591,365918.2
125,"Brighton Beach (B,Q)",BK,"Q,B",False,40.57762145996094,-73.96137237548828,1824821,364964.2
126,"Hoyt-Schermerhorn Sts (A,C,G)",BK,"C,G,A",False,40.68848419189453,-73.98500061035156,1816115,363223.0
127,"7 Av (F,G)",BK,"F,G",False,40.6662712097168,-73.98030853271484,1811468,362293.6
128,86 St (R),BK,R,False,40.62268829345703,-74.02839660644531,1803273,360654.6
129,"Bergen St (F,G)",BK,"F,G",False,40.6861457824707,-73.99085998535156,1786011,357202.2
130,"Carroll St (F,G)",BK,"F,G",False,40.680301666259766,-73.99504852294922,1781741,356348.2
131,"125 St (2,3)",M,"3,2",False,40.80775451660156,-73.94549560546875,1778917,355783.4
132,"Prince St (R,W)",M,"R,W",False,40.72433090209961,-73.9977035522461,1764058,352811.6
133,"Myrtle Av (J,M,Z)",BK,"M,J,Z",False,40.697208404541016,-73.93565368652344,1757681,351536.2
134,Spring St (6),M,6,False,40.7223014831543,-73.99713897705078,1737804,347560.8
135,"28 St (R,W)",M,"R,W",False,40.7454948425293,-73.98869323730469,1695043,339008.6
136,8 Av (N),BK,N,False,40.63506317138672,-74.01171875,1694110,338822.0
137,"86 St (B,C)",M,"C,B",False,40.78586959838867,-73.96891784667969,1690694,338138.8
138,Christopher St-Sheridan Sq (1),M,1,False,40.7334213256836,-74.0029067993164,1681899,336379.8
139,Greenpoint Av (G),BK,G,False,40.731353759765625,-73.95445251464844,1653809,330761.8
140,181 St (1),M,1,False,40.84950637817383,-73.93359375,1645498,329099.6
141,"Astoria Blvd (N,W)",Q,"N,W",False,40.77025985717773,-73.9178466796875,1609039,321807.8
142,175 St (A),M,A,False,40.847389221191406,-73.93970489501953,1562346,312469.2
143,157 St (1),M,1,False,40.83404159545898,-73.94489288330078,1539206,307841.2
144,"Newkirk Plaza (B,Q)",BK,"Q,B",False,40.63508224487305,-73.9627914428711,1528584,305716.8
145,"7 Av (B,Q)",BK,"Q,B",False,40.67705154418945,-73.97236633300781,1514022,302804.4
146,"135 St (2,3)",M,"3,2",False,40.81422805786133,-73.9407730102539,1511510,302302.0
147,40 St-Lowery St (7),Q,7,False,40.74378204345703,-73.92401885986328,1510779,302155.8
148,Hunts Point Av (6),BX,6,False,40.82094955444336,-73.89054870605469,1495335,299067.0
149,"96 St (B,C)",M,"C,B",False,40.79164123535156,-73.9646987915039,1490999,298199.8
150,Nassau Av (G),BK,G,False,40.72463607788086,-73.95127868652344,1484838,296967.6
151,"Euclid Av (A,C)",BK,"C,A",False,40.67537689208984,-73.87210845947266,1479214,295842.8
152,"High St (A,C)",BK,"C,A",False,40.699337005615234,-73.99053192138672,1475728,295145.6
153,"149 St-Grand Concourse (2,4,5)",BX,"2,5,4",False,40.81837463378906,-73.92735290527344,1469873,293974.6
154,"72 St (B,C)",M,"C,B",False,40.77559280395508,-73.97640991210938,1468114,293622.8
155,Fordham Rd (4),BX,4,False,40.8628044128418,-73.90103149414062,1463355,292671.0
156,110 St (6),M,6,False,40.795021057128906,-73.94425201416016,1460365,292073.0
157,"Fordham Rd (B,D)",BX,"B,D",False,40.86129760742188,-73.89775085449219,1446918,289383.6
158,Graham Av (L),BK,L,False,40.71456527709961,-73.94405364990234,1443599,288719.8
159,"Prospect Park (B,Q,S)",BK,"Q,S,B",False,40.66161346435547,-73.96224975585938,1442772,288554.4
160,"Nevins St (2,3,4,5)",BK,"3,2,5,4",False,40.68824768066406,-73.9804916381836,1438604,287720.8
161,111 St (7),Q,7,False,40.751731872558594,-73.85533142089844,1437001,287400.2
162,St George,SI,SIR,False,40.643748,-74.073643,1433408,286681.6
163,"Church Av (F,G)",BK,"F,G",False,40.644039154052734,-73.97967529296875,1413765,282753.0
164,145 St (1),M,1,False,40.8265495300293,-73.95036315917969,1393430,278686.0
165,53 St (R),BK,R,False,40.64506912231445,-74.01403045654297,1365855,273171.0
166,"Church Av (2,5)",BK,"2,5",False,40.65084457397461,-73.94957733154297,1348119,269623.8
167,125 St (1),M,1,False,40.81558227539063,-73.9583740234375,1335248,267049.6
168,231 St (1),BX,1,False,40.87885665893555,-73.90483093261719,1331185,266237.0
169,"116 St (2,3)",M,"3,2",False,40.80209732055664,-73.94962310791016,1325704,265140.8
170,Kingsbridge Rd (4),BX,4,False,40.86775970458984,-73.89717102050781,1318129,263625.8
171,33 St-Rawson St (7),Q,7,False,40.74458694458008,-73.93099975585938,1306946,261389.2
172,Bedford-Nostrand Avs (G),BK,G,False,40.68962860107422,-73.95352172851562,1305422,261084.4
173,Jefferson St (L),BK,L,False,40.70660781860352,-73.92291259765625,1263209,252641.8
174,167 St (4),BX,4,False,40.83553695678711,-73.92140197753906,1258882,251776.4
175,45 St (R),BK,R,False,40.6489372253418,-74.010009765625,1252464,250492.8
176,Burnside Av (4),BX,4,False,40.85345458984375,-73.90768432617188,1234546,246909.2
177,3 Av-138 St (6),BX,6,False,40.81047439575195,-73.92613983154297,1230803,246160.6
178,21 St-Queensbridge (F),Q,F,False,40.75420379638672,-73.94283294677734,1218739,243747.8
179,"East 180 St (2,5)",BX,"2,5",False,40.84189224243164,-73.87348937988281,1211201,242240.2
180,Bay Ridge Av (R),BK,R,False,40.63496780395508,-74.02337646484375,1204059,240811.8
181,Halsey St (L),BK,L,False,40.69560241699219,-73.90408325195312,1200025,240005.0
182,Bay Pkwy (D),BK,D,False,40.60187530517578,-73.99372863769531,1192827,238565.4
183,181 St (A),M,A,False,40.8516960144043,-73.9379653930664,1191222,238244.4
184,"67 Av (M,R)",Q,"M,R",False,40.726524353027344,-73.85272216796875,1190271,238054.2
185,18 St (1),M,1,False,40.74103927612305,-73.99787139892578,1188007,237601.4
186,"Pelham Pkwy (2,5)",BX,"2,5",False,40.85719299316406,-73.86761474609375,1181840,236368.0
187,Mets-Willets Point (7),Q,7,False,40.75462341308594,-73.84562683105469,1177093,235418.6
188,Mosholu Pkwy (4),BX,4,False,40.8797492980957,-73.88465881347656,1176345,235269.0
189,Inwood-207 St (A),M,A,False,40.868072509765625,-73.9198989868164,1165000,233000.0
190,"46 St (M,R)",Q,"M,R",False,40.75631332397461,-73.913330078125,1164534,232906.8
191,191 St (1),M,1,False,40.855224609375,-73.92941284179688,1162898,232579.6
192,Roosevelt Island (F),M,F,False,40.7591438293457,-73.95326232910156,1157636,231527.2
193,"Winthrop St (2,5)",BK,"2,5",False,40.65665054321289,-73.95020294189453,1152922,230584.4
194,169 St (F),Q,F,False,40.71046829223633,-73.7936019897461,1134647,226929.4
195,"Broadway Junction (A,C,J,L,Z)",BK,"J,C,Z,A,L",False,40.67949676513672,-73.90451049804688,1131241,226248.2
196,"Cathedral Pkwy-110 St (B,C)",M,"C,B",False,40.80060195922852,-73.95816040039062,1128763,225752.6
197,Morgan Av (L),BK,L,False,40.706153869628906,-73.93314361572266,1122765,224553.0
198,"Flushing Av (J,M)",BK,"M,J",False,40.70026016235352,-73.94112396240234,1118574,223714.8
199,"Hoyt St (2,3)",BK,"3,2",False,40.69054412841797,-73.98506164550781,1099246,219849.2
200,Parsons Blvd (F),Q,F,False,40.70756530761719,-73.80332946777344,1094835,218967.0
201,Union St (R),BK,R,False,40.67731475830078,-73.98310852050781,1094021,218804.2
202,Avenue U (Q),BK,Q,False,40.59930038452149,-73.9559326171875,1092815,218563.0
203,Rockaway Blvd (A),Q,A,False,40.68042755126953,-73.84385681152344,1089250,217850.0
204,"Grand Army Plaza (2,3)",BK,"3,2",False,40.675235748291016,-73.9710464477539,1085295,217059.0
205,"Central Park North-110 St (2,3)",M,"3,2",False,40.799076080322266,-73.95182037353516,1077158,215431.6
206,Clinton-Washington Avs (C),BK,C,False,40.68326187133789,-73.96583557128906,1077009,215401.8
207,Rector St (1),M,1,False,40.70751190185547,-74.01378631591797,1074413,214882.6
208,Montrose Av (L),BK,L,False,40.707740783691406,-73.93984985351562,1073694,214738.8
209,Bay Pkwy (N),BK,N,False,40.61181640625,-73.98184967041016,1067824,213564.8
210,"167 St (B,D)",BX,"B,D",False,40.833770751953125,-73.91844177246094,1044897,208979.4
211,Fort Hamilton Pkwy (N),BK,N,False,40.631385803222656,-74.0053482055664,1040097,208019.4
212,Grand St (L),BK,L,False,40.7119255065918,-73.94066619873047,1035306,207061.2
213,Van Cortlandt Park-242 St (1),BX,1,False,40.88924789428711,-73.8985824584961,1029915,205983.0
214,Dyckman St (1),M,1,False,40.86053085327149,-73.925537109375,1018593,203718.6
215,"Newkirk Av (2,5)",BK,"2,5",False,40.63996887207031,-73.94841003417969,1014272,202854.4
216,"Northern Blvd (M,R)",Q,"M,R",False,40.75288391113281,-73.906005859375,996955,199391.0
217,Fulton St (G),BK,G,False,40.68711853027344,-73.97537231445312,995419,199083.8
218,170 St (4),BX,4,False,40.8400764465332,-73.91779327392578,991289,198257.8
219,"116 St (B,C)",M,"C,B",False,40.805084228515625,-73.95487976074219,987109,197421.8
220,"36 Av (N,W)",Q,"N,W",False,40.75680541992188,-73.92957305908203,982175,196435.0
221,"Gates Av (J,Z)",BK,"J,Z",False,40.68962860107422,-73.92227172851562,976282,195256.4
222,3 Av (L),M,L,False,40.73284912109375,-73.98612213134766,973969,194793.8
223,Ozone Park-Lefferts Blvd (A),Q,A,False,40.68595123291016,-73.82579803466797,972809,194561.8
224,"Clark St (2,3)",BK,"3,2",False,40.69746780395508,-73.99308776855469,966317,193263.4
225,Kingston-Throop Avs (C),BK,C,False,40.6799201965332,-73.94085693359375,963617,192723.4
226,52 St (7),Q,7,False,40.74414825439453,-73.91255187988281,957660,191532.0
227,"Simpson St (2,5)",BX,"2,5",False,40.82407379150391,-73.89306640625,948931,189786.2
228,207 St (1),M,1,False,40.86462020874024,-73.9188232421875,939417,187883.4
229,"Bedford Park Blvd (B,D)",BX,"B,D",False,40.87324523925781,-73.88713836669922,929079,185815.8
230,Woodlawn (4),BX,4,False,40.88603591918945,-73.87875366210938,928581,185716.2
231,"15 St-Prospect Park (F,G)",BK,"F,G",False,40.66036605834961,-73.9794921875,928216,185643.2
232,"Tremont Av (B,D)",BX,"B,D",False,40.85041046142578,-73.90522766113281,920677,184135.4
233,18 Av (D),BK,D,False,40.60795211791992,-74.00173950195312,919803,183960.6
234,Franklin St (1),M,1,False,40.71931838989258,-74.00688934326172,919731,183946.2
235,69 St (7),Q,7,False,40.7463264465332,-73.89640045166016,918234,183646.8
236,Norwood-205 St (D),BX,D,False,40.87480926513672,-73.87885284423828,915317,183063.4
237,Sutter Av-Rutland Rd (3),BK,3,False,40.66471862792969,-73.922607421875,913574,182714.8
238,"Fort Hamilton Pkwy (F,G)",BK,"F,G",False,40.65078353881836,-73.97577667236328,912266,182453.2
239,Prospect Av (R),BK,R,False,40.66541290283203,-73.99287414550781,903685,180737.0
240,Parkside Av (Q),BK,Q,False,40.65529251098633,-73.96149444580078,901329,180265.8
241,79 St (D),BK,D,False,40.613502502441406,-74.0006103515625,900308,180061.6
242,"Prospect Av (2,5)",BX,"2,5",False,40.819583892822266,-73.90177154541016,891428,178285.6
243,Classon Av (G),BK,G,False,40.688873291015625,-73.96006774902344,891373,178274.6
244,Fresh Pond Rd (M),Q,M,False,40.70618438720703,-73.8958740234375,886668,177333.6
245,Cortelyou Rd (Q),BK,Q,False,40.640926361083984,-73.9638900756836,886376,177275.2
246,Dyckman St (A),M,A,False,40.8654899597168,-73.9272689819336,880692,176138.4
247,"Broad St (J,Z)",M,"J,Z",False,40.70647430419922,-74.01105499267578,877692,175538.4
248,Pelham Bay Park (6),BX,6,False,40.85246276855469,-73.82811737060547,877467,175493.4
249,"Kingsbridge Rd (B,D)",BX,"B,D",False,40.86697769165039,-73.89350891113281,868739,173747.8
250,Avenue M (Q),BK,Q,False,40.617618560791016,-73.95939636230469,863612,172722.4
251,Myrtle-Willoughby Avs (G),BK,G,False,40.6945686340332,-73.94904327392578,857867,171573.4
252,9 Av (D),BK,D,False,40.64629364013672,-73.99432373046875,856765,171353.0
253,Clinton-Washington Avs (G),BK,G,False,40.688087463378906,-73.96684265136719,853826,170765.2
254,Morrison Av-Soundview (6),BX,6,False,40.82952117919922,-73.87451934814453,847858,169571.6
255,"Sterling St (2,5)",BK,"2,5",False,40.662742614746094,-73.95085144042969,842979,168595.8
256,"Gun Hill Rd (2,5)",BX,"2,5",False,40.87784957885742,-73.86625671386719,837960,167592.0
257,Bay Ridge-95 St (R),BK,R,False,40.61662292480469,-74.03087615966797,835646,167129.2
258,Hunters Point Av (7),Q,7,False,40.74221420288086,-73.94891357421875,834767,166953.4
259,Halsey St (J),BK,J,False,40.686370849609375,-73.91655731201172,833830,166766.0
260,Grant Av (A),BK,A,False,40.67704391479492,-73.86505126953125,833587,166717.4
261,Kings Hwy (N),BK,N,False,40.60392379760742,-73.98035430908203,833088,166617.6
262,Avenue J (Q),BK,Q,False,40.625038146972656,-73.96080017089844,826147,165229.4
263,Elder Av (6),BX,6,False,40.82858276367188,-73.87915802001953,825576,165115.2
264,77 St (R),BK,R,False,40.62974166870117,-74.0255126953125,821559,164311.8
265,"City Hall (R,W)",M,"R,W",False,40.71328353881836,-74.0069808959961,820736,164147.2
266,Lafayette Av (C),BK,C,False,40.68611145019531,-73.97394561767578,805501,161100.2
267,New Utrecht Av (N)/62 St (D),BK,"N,,D",False,40.62647247314453,-73.99635314941406,798826,159765.2
268,New Lots Av (3),BK,3,False,40.666236877441406,-73.88407897949219,798548,159709.6
269,"Franklin Av (C,S)",BK,"C,S",False,40.68138122558594,-73.95684814453125,795389,159077.8
270,"174 St (2,5)",BX,"2,5",False,40.83728790283203,-73.88773345947266,795381,159076.2
271,"Rector St (R,W)",M,"R,W",False,40.707218170166016,-74.01334381103516,794879,158975.8
272,18 Av (N),BK,N,False,40.62067031860352,-73.99041748046875,785313,157062.6
273,Bedford Park Blvd-Lehman College (4),BX,4,False,40.8734130859375,-73.89006042480469,785213,157042.6
274,Castle Hill Av (6),BX,6,False,40.83425521850586,-73.8512191772461,783066,156613.2
275,183 St (4),BX,4,False,40.85840606689453,-73.90387725830078,781273,156254.6
276,Kosciuszko St (J),BK,J,False,40.69334030151367,-73.92881774902344,774683,154936.6
277,"135 St (B,C)",M,"C,B",False,40.8178939819336,-73.94764709472656,767247,153449.4
278,Canal St (1),M,1,False,40.72285461425781,-74.00627899169922,766469,153293.8
279,20 Av (D),BK,D,False,40.60455703735352,-73.9981689453125,765418,153083.6
280,"170 St (B,D)",BX,"B,D",False,40.83930587768555,-73.91339874267578,760045,152009.0
281,Brook Av (6),BX,6,False,40.80756759643555,-73.91924285888672,750296,150059.2
282,"Briarwood-Van Wyck Blvd (E,F)",Q,"F,E",False,40.70917892456055,-73.82057189941406,746169,149233.8
283,Marble Hill-225 St (1),M,1,False,40.87456130981445,-73.90982818603516,740215,148043.0
284,Rockaway Av (C),BK,C,False,40.678340911865234,-73.91194915771484,738929,147785.8
285,Broadway (G),BK,G,False,40.706092834472656,-73.95030975341797,737863,147572.6
286,71 St (D),BK,D,False,40.619590759277344,-73.99886322021484,730378,146075.6
287,Ralph Av (C),BK,C,False,40.6788215637207,-73.92078399658203,726597,145319.4
288,"West Farms Sq-East Tremont Av (2,5)",BX,"2,5",False,40.840293884277344,-73.88005065917969,702734,140546.8
289,Gun Hill Rd (5),BX,5,False,40.86952590942383,-73.84638214111328,699894,139978.8
290,176 St (4),BX,4,False,40.848480224609375,-73.91179656982422,697612,139522.4
291,Kingston Av (3),BK,3,False,40.66939926147461,-73.9421615600586,695018,139003.6
292,Jamaica-Van Wyck (E),Q,E,False,40.70256423950195,-73.81685638427734,694146,138829.2
293,"103 St (B,C)",M,"C,B",False,40.79609298706055,-73.96145629882812,690737,138147.4
294,Saratoga Av (3),BK,3,False,40.66145324707031,-73.91632843017578,684258,136851.6
295,"Eastern Pkwy-Brooklyn Museum (2,3)",BK,"3,2",False,40.6719856262207,-73.9643783569336,680068,136013.6
296,238 St (1),BX,1,False,40.88466644287109,-73.90087127685547,672715,134543.0
297,East 149 St (6),BX,6,False,40.81211853027344,-73.90409851074219,672361,134472.2
298,Neck Rd (Q),BK,Q,False,40.595245361328125,-73.95516204833984,670768,134153.6
299,Mt Eden Av (4),BX,4,False,40.84443283081055,-73.91468811035156,669144,133828.8
300,25 Av (D),BK,D,False,40.59770584106445,-73.98683166503906,668725,133745.0
301,"Smith-9 Sts (F,G)",BK,"F,G",False,40.67358016967773,-73.99595642089844,664400,132880.0
302,Forest Av (M),Q,M,False,40.70442199707031,-73.903076171875,662475,132495.0
303,190 St (A),M,A,False,40.8590202331543,-73.9341812133789,661800,132360.0
304,"Jackson Av (2,5)",BX,"2,5",False,40.81649017333984,-73.90780639648438,660370,132074.0
305,"Beverly Rd (2,5)",BK,"2,5",False,40.64509963989258,-73.94895935058594,657625,131525.0
306,Wilson Av (L),BK,L,False,40.68876266479492,-73.90404510498047,652627,130525.4
307,"Bergen St (2,3)",BK,"3,2",False,40.68082809448242,-73.97509765625,644954,128990.8
308,80 St (A),Q,A,False,40.67937088012695,-73.85899353027344,642261,128452.2
309,20 Av (N),BK,N,False,40.617408752441406,-73.98502349853516,639586,127917.2
310,Ditmas Av (F),BK,F,False,40.6361198425293,-73.9781723022461,636440,127288.0
311,85 St-Forest Pkwy (J),Q,J,False,40.69243621826172,-73.8600082397461,625888,125177.6
312,"Allerton Av (2,5)",BX,"2,5",False,40.86546325683594,-73.86735534667969,615773,123154.6
313,Westchester Sq-East Tremont Av (6),BX,6,False,40.83989334106445,-73.84294891357422,615322,123064.4
314,Fort Hamilton Pkwy (D),BK,D,False,40.64091491699219,-73.99430084228516,612771,122554.2
315,Far Rockaway-Mott Av (A),Q,A,False,40.60399627685547,-73.75540161132812,611333,122266.6
316,"182-183 Sts (B,D)",BX,"B,D",False,40.85609436035156,-73.90074157714844,609327,121865.4
317,Sutphin Blvd (F),Q,F,False,40.70545959472656,-73.81070709228516,607960,121592.0
318,"Lorimer St (J,M)",BK,"M,J",False,40.7038688659668,-73.9474105834961,605797,121159.4
319,Middle Village-Metropolitan Av (M),Q,M,False,40.71139526367188,-73.88960266113281,605192,121038.4
320,Pennsylvania Av (3),BK,3,False,40.66463470458984,-73.8948974609375,603715,120743.0
321,"233 St (2,5)",BX,"2,5",False,40.893192291259766,-73.85747528076172,601248,120249.6
322,Knickerbocker Av (M),BK,M,False,40.69866561889648,-73.91970825195312,598003,119600.6
323,Rockaway Av (3),BK,3,False,40.66254806518555,-73.90894317626953,597901,119580.2
324,Wakefield-241 St (2),BX,2,False,40.90312576293945,-73.85061645507812,593560,118712.0
325,"174-175 Sts (B,D)",BX,"B,D",False,40.84590148925781,-73.9101333618164,588760,117752.0
326,"36 St (M,R)",Q,"M,R",False,40.75204086303711,-73.92877960205078,588475,117695.0
327,Avenue U (N),BK,N,False,40.59747314453125,-73.97913360595703,583484,116696.8
328,Eastchester-Dyre Av (5),BX,5,False,40.888301849365234,-73.8308334350586,580640,116128.0
329,Central Av (M),BK,M,False,40.69785690307617,-73.92739868164062,577153,115430.6
330,"Freeman St (2,5)",BX,"2,5",False,40.82999420166016,-73.8918685913086,572350,114470.0
331,Buhre Av (6),BX,6,False,40.84680938720703,-73.83256530761719,560064,112012.8
332,25 St (R),BK,R,False,40.66039657592773,-73.99809265136719,558968,111793.6
333,St Lawrence Av (6),BX,6,False,40.83150863647461,-73.86761474609375,556510,111302.0
334,163 St-Amsterdam Av (C),M,C,False,40.83601379394531,-73.93989562988281,554003,110800.6
335,"39 Av (N,W)",Q,"N,W",False,40.75288009643555,-73.93275451660156,546620,109324.0
336,Beverley Rd (Q),BK,Q,False,40.6440315246582,-73.96449279785156,546558,109311.6
337,Nostrand Av (3),BK,3,False,40.66984558105469,-73.9504623413086,546155,109231.0
338,"138 St-Grand Concourse (4,5)",BX,"5,4",False,40.81322479248047,-73.92984771728516,545491,109098.2
339,18 Av (F),BK,F,False,40.62975311279297,-73.97697448730469,539773,107954.6
340,"President St (2,5)",BK,"2,5",False,40.66788482666016,-73.95068359375,531844,106368.8
341,"Bowery (J,Z)",M,"J,Z",False,40.72027969360352,-73.99391174316406,530688,106137.6
342,50 St (D),BK,D,False,40.636260986328125,-73.99478912353516,530659,106131.8
343,Kings Hwy (F),BK,F,False,40.60321807861328,-73.97235870361328,529020,105804.0
344,"Crescent St (J,Z)",BK,"J,Z",False,40.68319320678711,-73.87378692626953,520342,104068.4
345,Flushing Av (G),BK,G,False,40.70037841796875,-73.95023345947266,518044,103608.8
346,New Lots Av (L),BK,L,False,40.65873336791992,-73.89923095703125,511629,102325.8
347,Ocean Pkwy (Q),BK,Q,False,40.57631301879883,-73.96849822998047,511089,102217.8
348,Canarsie-Rockaway Pkwy (L),BK,L,False,40.64665222167969,-73.90184783935547,509779,101955.8
349,"65 St (M,R)",Q,"M,R",False,40.74966812133789,-73.89845275878906,505026,101005.2
350,Longwood Av (6),BX,6,False,40.816104888916016,-73.89643859863281,490723,98144.6
351,Harlem-148 St (3),M,3,False,40.82387924194336,-73.93647003173828,484561,96912.2
352,"75 Av (E,F)",Q,"F,E",False,40.71833038330078,-73.83732604980469,477212,95442.4
353,Avenue H (Q),BK,Q,False,40.62926864624024,-73.96163940429688,465456,93091.2
354,Avenue N (F),BK,F,False,40.61513900756836,-73.97419738769531,452551,90510.2
355,"104 St (J,Z)",Q,"J,Z",False,40.6951789855957,-73.84432983398438,445235,89047.0
356,"Woodhaven Blvd (J,Z)",Q,"J,Z",False,40.693878173828125,-73.85157775878906,442211,88442.2
357,East 105 St (L),BK,L,False,40.65057373046875,-73.89948272705078,440834,88166.8
358,"West 8 St-New York Aquarium (F,Q)",BK,"F,Q",False,40.57612609863281,-73.97593688964844,434790,86958.0
359,Pelham Pkwy (5),BX,5,False,40.858985900878906,-73.85536193847656,434138,86827.6
360,Howard Beach-JFK Airport (A),Q,A,False,40.66047668457031,-73.8302993774414,433656,86731.2
361,Seneca Av (M),Q,M,False,40.702762603759766,-73.9077377319336,432451,86490.2
362,Livonia Av (L),BK,L,False,40.664039611816406,-73.90057373046875,428116,85623.2
363,145 St (3),M,3,False,40.82041931152344,-73.93624877929688,424444,84888.8
364,"Nereid Av (2,5)",BX,"2,5",False,40.898380279541016,-73.85437774658203,424332,84866.4
365,88 St (A),Q,A,False,40.67984390258789,-73.85147094726562,418243,83648.6
366,"225 St (2,5)",BX,"2,5",False,40.88802337646485,-73.86034393310547,417105,83421.0
367,"155 St (B,D)",M,"B,D",False,40.83013534545898,-73.9382095336914,415461,83092.2
368,"Intervale Av (2,5)",BX,"2,5",False,40.82218170166016,-73.89673614501953,412872,82574.4
369,"Chauncey St (J,Z)",BK,"J,Z",False,40.682891845703125,-73.91045379638672,410398,82079.6
370,Baychester Av (5),BX,5,False,40.878662109375,-73.83859252929688,408766,81753.2
371,Bay 50 St (D),BK,D,False,40.58884048461914,-73.9837646484375,407181,81436.2
372,Avenue P (F),BK,F,False,40.60894393920898,-73.9730224609375,402942,80588.4
373,"Hewes St (J,M)",BK,"M,J",False,40.70687103271485,-73.95343017578125,399057,79811.4
374,Shepherd Av (C),BK,C,False,40.674129486083984,-73.88075256347656,398531,79706.2
375,Avenue X (F),BK,F,False,40.58961868286133,-73.97425079345703,395479,79095.8
376,Morris Park (5),BX,5,False,40.85436248779297,-73.8604965209961,388914,77782.8
377,"Burke Av (2,5)",BX,"2,5",False,40.87135696411133,-73.8671646118164,381694,76338.8
378,Zerega Av (6),BX,6,False,40.83648681640625,-73.84703826904297,375316,75063.2
379,Bushwick Av-Aberdeen St (L),BK,L,False,40.68283081054688,-73.9052505493164,374179,74835.8
380,86 St (N),BK,N,False,40.59272003173828,-73.97823333740234,370946,74189.2
381,"121 St (J,Z)",Q,"J,Z",False,40.70049285888672,-73.82829284667969,363438,72687.6
382,Van Siclen Av (C),BK,C,False,40.67271041870117,-73.8903579711914,363382,72676.4
383,"Van Siclen Av (J,Z)",BK,"J,Z",False,40.67802429199219,-73.89168548583984,360697,72139.4
384,Liberty Av (C),BK,C,False,40.67454147338867,-73.89654541015625,357923,71584.6
385,Cypress Av (6),BX,6,False,40.80536651611328,-73.9140396118164,353926,70785.2
386,155 St (C),M,C,False,40.83051681518555,-73.94151306152344,352683,70536.6
387,Van Siclen Av (3),BK,3,False,40.66544723510742,-73.88939666748047,351361,70272.2
388,Sutter Av (L),BK,L,False,40.66936874389648,-73.9019775390625,350767,70153.4
389,"219 St (2,5)",BX,"2,5",False,40.88389587402344,-73.86263275146484,348873,69774.6
390,111 St (J),Q,J,False,40.69741821289063,-73.83634185791016,345908,69181.6
391,111 St (A),Q,A,False,40.684329986572266,-73.83216094970703,345802,69160.4
392,Junius St (3),BK,3,False,40.66351318359375,-73.90245056152344,343206,68641.2
393,Beach 67 St-Arverne By The Sea (A),Q,A,False,40.59092712402344,-73.79692077636719,331659,66331.8
394,"Norwood Av (J,Z)",BK,"J,Z",False,40.68141174316406,-73.88003540039062,331544,66308.8
395,215 St (1),M,1,False,40.86944580078125,-73.91527557373047,327588,65517.6
396,"Bronx Park East (2,5)",BX,"2,5",False,40.84882736206055,-73.86845397949219,326086,65217.2
397,"75 St-Elderts Ln (J,Z)",Q,"J,Z",False,40.69132232666016,-73.86714172363281,315325,63065.0
398,Cleveland St (J),BK,J,False,40.67994689941406,-73.88463592529297,313815,62763.0
399,Middletown Rd (6),BX,6,False,40.84386444091797,-73.83631896972656,311647,62329.4
400,21 St (G),Q,G,False,40.74406433105469,-73.94972229003906,299538,59907.6
401,Avenue U (F),BK,F,False,40.59606170654297,-73.97335815429688,295410,59082.0
402,55 St (D),BK,D,False,40.63143539428711,-73.99547576904297,293035,58607.0
403,Avenue I (F),BK,F,False,40.62532043457031,-73.97612762451172,290191,58038.2
404,Alabama Av (J),BK,J,False,40.6769905090332,-73.89865112304688,277397,55479.4
405,Whitlock Av (6),BX,6,False,40.8265266418457,-73.88628387451172,270616,54123.2
406,Atlantic Av (L),BK,L,False,40.67534637451172,-73.9030990600586,255476,51095.2
407,Beach 60 St (A),Q,A,False,40.59237289428711,-73.78852081298828,255329,51065.8
408,Neptune Av (F),BK,F,False,40.58101272583008,-73.97457122802734,251861,50372.2
409,104 St (A),Q,A,False,40.68170928955078,-73.83768463134766,235184,47036.8
410,Park Pl (S),BK,S,False,40.67477035522461,-73.95762634277344,234367,46873.4
411,Beach 25 St (A),Q,A,False,40.60006713867188,-73.7613525390625,233633,46726.6
412,Cypress Hills (J),BK,J,False,40.68994140625,-73.87255096435547,218454,43690.8
413,Bay Pkwy (F),BK,F,False,40.62076950073242,-73.97526550292969,210806,42161.2
414,East 143 St-St Mary's St (6),BX,6,False,40.808719635009766,-73.90765380859375,194494,38898.8
415,Aqueduct Racetrack (A),Q,A,False,40.672096252441406,-73.83592224121094,126542,25308.4
416,Beach 36 St (A),Q,A,False,40.59539794921875,-73.76817321777344,123523,24704.6
417,Aqueduct-North Conduit Av (A),Q,A,False,40.668235778808594,-73.83406066894531,122859,24571.8
418,"Beach 90 St (A,S)",Q,"S,A",False,40.588035583496094,-73.81364440917969,110654,22130.8
419,"Rockaway Park-Beach 116 St (A,S)",Q,"S,A",False,40.580902099609375,-73.8355941772461,106932,21386.4
420,Beach 44 St (A),Q,A,False,40.59294128417969,-73.77601623535156,103082,20616.4
421,"Beach 98 St (A,S)",Q,"S,A",False,40.58530807495117,-73.820556640625,67598,13519.6
422,"Broad Channel (A,S)",Q,"S,A",False,40.60838317871094,-73.81592559814453,42209,8441.8
423,"Beach 105 St (A,S)",Q,"S,A",False,40.58320999145508,-73.82756042480469,41993,8398.6
424,"Times Sq-42 St (N,Q,R,W,S,1,2,3,7)/42 St (A,C,E)/Bryant Pk (B,D,F,M)/5 Av (7)",M,"3,C,1,2,S,7,F,M,E,N,R,Q,,B,W,A,D",True,40.75730895996094,-73.98196411132812,8944795,4472397.5
425,"Grand Central-42 St (S,4,5,6,7)",M,"5,S,4,7,6",True,40.75177764892578,-73.97684478759766,4054009,2027004.5
426,"34 St-Herald Sq (B,D,F,M,N,Q,R,W)",M,"F,M,N,R,Q,B,W,D",True,40.74971771240234,-73.98782348632812,3946350,1973175.0
427,"14 St-Union Sq (L,N,Q,R,W,4,5,6)",M,"5,N,R,Q,4,L,W,6",True,40.73573684692383,-73.98995208740234,3921454,1960727.0
428,"34 St-Penn Station (A,C,E)",M,"C,E,A",True,40.752288818359375,-73.99339294433594,2784310,1392155.0
429,"59 St-Columbus Circle (A,B,C,D,1)",M,"C,1,B,A,D",True,40.76829528808594,-73.98173522949219,2698282,1349141.0
430,"74-Broadway (7)/Jackson Hts-Roosevelt Av (E,F,M,R)",Q,"F,M,E,R,,7",True,40.746849060058594,-73.8913345336914,2535446,1267723.0
431,"Fulton St (A,C,J,Z,2,3,4,5)",M,"J,C,3,2,5,Z,4,A",True,40.71037292480469,-74.0065689086914,2517408,1258704.0
432,"34 St-Penn Station (1,2,3)",M,"3,1,2",True,40.75037384033203,-73.99105834960938,2482414,1241207.0
433,Flushing-Main St (7),Q,7,True,40.75960159301758,-73.83003234863281,2274092,1137046.0
434,"Canal St (J,N,Q,R,W,Z,6)",M,"J,N,R,Z,Q,W,6",True,40.71952819824219,-73.99989318847656,2126070,1063035.0
435,"West 4 St-Washington Sq (A,B,C,D,E,F,M)",M,"F,M,C,E,B,A,D",True,40.73233795166016,-74.00049591064453,2110391,1055195.5
436,"14 St (A,C,E)/8 Av (L)",M,"C,E,,A,L",True,40.74089431762695,-74.00169372558594,2088485,1044242.5
437,"14 St (F,M,1,2,3)/6 Av (L)",M,"F,M,3,1,2,,L",True,40.73822784423828,-73.99620819091797,1985768,992884.0
438,Bedford Av (L),BK,L,True,40.71730422973633,-73.95687103271484,1889476,944738.0
439,"Broadway-Lafayette St (B,D,F,M)/Bleecker St (6)",M,"F,M,B,,D,6",True,40.72591400146485,-73.99465942382812,1836222,918111.0
440,"72 St (1,2,3)",M,"3,1,2",True,40.7784538269043,-73.98197174072266,1719586,859793.0
441,"Atlantic Av-Barclays Ctr (B,D,N,Q,R,2,3,4,5)",BK,"3,2,5,N,R,Q,4,B,D",True,40.6844596862793,-73.97689056396484,1699744,849872.0
442,"86 St (4,5,6)",M,"5,4,6",True,40.77949142456055,-73.9555892944336,1690635,845317.5
443,"Lexington Av (N,R,W)/59 St (4,5,6)",M,"5,N,R,4,,W,6",True,40.76266098022461,-73.96725463867188,1655777,827888.5
444,"Chambers St (A,C)/WTC (E)/Park Pl (2,3)/Cortlandt (R,W)",M,"3,C,E,2,R,,A,W",True,40.714111328125,-74.00858306884766,1586774,793387.0
445,"Delancey St (F)/Essex St (J,M,Z)",M,"F,M,J,Z,",True,40.71861267089844,-73.98743438720703,1494234,747117.0
446,"57 St-7 Av (N,Q,R,W)",M,"N,R,Q,W",True,40.76466369628906,-73.98065948486328,1398628,699314.0
447,"96 St (1,2,3)",M,"3,1,2",True,40.79391860961914,-73.97232055664062,1339481,669740.5
448,"Lexington Av-53 St (E,M)/51 St (6)",M,"M,E,,6",True,40.75755310058594,-73.96905517578125,1254570,627285.0
449,"47-50 Sts-Rockefeller Center (B,D,F,M)",M,"F,M,B,D",True,40.75866317749024,-73.98133087158203,1182313,591156.5
450,Junction Blvd (7),Q,7,True,40.7491455078125,-73.8695297241211,1179785,589892.5
451,"49 St (N,R,W)",M,"N,R,W",True,40.7598991394043,-73.98413848876953,1065686,532843.0
452,1 Av (L),M,L,True,40.730953216552734,-73.98162841796875,1059071,529535.5
453,"161 St-Yankee Stadium (B,D,4)",BX,"4,B,D",True,40.82799530029297,-73.92565155029297,1056299,528149.5
454,"Grand St (B,D)",M,"B,D",True,40.71826553344727,-73.9937515258789,1017940,508970.0
455,2 Av (F),M,F,True,40.7234001159668,-73.98993682861328,984049,492024.5
456,"South Ferry (1)/Whitehall St (R,W)",M,"1,R,,W",True,40.703086853027344,-74.01299285888672,979475,489737.5
457,86 St (Q),M,Q,True,40.77788925170898,-73.95178985595703,969011,484505.5
458,"Jay St-MetroTech (A,C,F,R)",BK,"F,C,R,A",True,40.69233703613281,-73.9859390258789,962281,481140.5
459,50 St (1),M,1,True,40.76172637939453,-73.98384857177734,962172,481086.0
460,103 St-Corona Plaza (7),Q,7,True,40.7498664855957,-73.86270141601562,940582,470291.0
461,"125 St (A,B,C,D)",M,"C,B,A,D",True,40.81110763549805,-73.95234680175781,932278,466139.0
462,Lorimer St (L)/Metropolitan Av (G),BK,"G,,L",True,40.71406173706055,-73.95027160644531,903650,451825.0
463,"Myrtle-Wyckoff Avs (L,M)",BK,"M,L",True,40.69981384277344,-73.91158294677734,901212,450606.0
464,"50 St (C,E)",M,"C,E",True,40.762454986572266,-73.9859848022461,897129,448564.5
465,72 St (Q),M,Q,True,40.768798828125,-73.95842742919922,875594,437797.0
466,"Sutphin Blvd-Archer Av-JFK Airport (E,J,Z)",Q,"J,E,Z",True,40.70048522949219,-73.80796813964844,842130,421065.0
467,"Court Sq (E,G,M,7)",Q,"M,E,G,7",True,40.74784469604492,-73.94383239746094,817583,408791.5
468,"Forest Hills-71 Av (E,F,M,R)",Q,"F,M,E,R",True,40.7216911315918,-73.84452056884766,815895,407947.5
469,"Prince St (R,W)",M,"R,W",True,40.72433090209961,-73.9977035522461,815712,407856.0
470,77 St (6),M,6,True,40.77362060546875,-73.95987701416016,805173,402586.5
471,"168 St (A,C,1)",M,"C,1,A",True,40.84071731567383,-73.93955993652344,795994,397997.0
472,33 St (6),M,6,True,40.7460823059082,-73.9820785522461,795330,397665.0
473,"8 St-New York University (R,W)",M,"R,W",True,40.73032760620117,-73.99263000488281,793450,396725.0
474,"23 St (R,W)",M,"R,W",True,40.741302490234375,-73.98934173583984,786291,393145.5
475,"145 St (A,B,C,D)",M,"C,B,A,D",True,40.82478332519531,-73.9442138671875,780889,390444.5
476,34 St-Hudson Yards (7),M,7,True,40.7558822631836,-74.00190734863281,774962,387481.0
477,"125 St (4,5,6)",M,"5,4,6",True,40.80413818359375,-73.93759155273438,763855,381927.5
478,66 St-Lincoln Center (1),M,1,True,40.77344131469727,-73.98220825195312,757773,378886.5
479,"81 St-Museum of Natural History (B,C)",M,"C,B",True,40.78143310546875,-73.9721450805664,750807,375403.5
480,"Crown Heights-Utica Av (3,4)",BK,"3,4",True,40.66889572143555,-73.93294525146484,745132,372566.0
481,"Brooklyn Bridge-City Hall (4,5,6)/Chambers St (J,Z)",M,"J,5,Z,4,,6",True,40.71324157714844,-74.00340270996094,739788,369894.0
482,90 St-Elmhurst Av (7),Q,7,True,40.74840927124024,-73.8766098022461,738634,369317.0
483,"Coney Island-Stillwell Av (D,F,N,Q)",BK,"F,N,Q,D",True,40.577423095703125,-73.98123168945312,737772,368886.0
484,"Court St (R)/Borough Hall (2,3,4,5)",BK,"3,2,5,R,4,",True,40.69409942626953,-73.98999786376953,721885,360942.5
485,East Broadway (F),M,F,True,40.713714599609375,-73.99017333984375,718127,359063.5
486,York St (F),BK,F,True,40.70139694213867,-73.98674774169922,712326,356163.0
487,"Queensboro Plaza (N,W,7)",Q,"N,W,7",True,40.75058364868164,-73.94020080566406,702485,351242.5
488,Woodside-61 St (7),Q,7,True,40.7456283569336,-73.90298461914062,702410,351205.0
489,"23 St (F,M)",M,"F,M",True,40.74287796020508,-73.9928207397461,685259,342629.5
490,Astor Place (6),M,6,True,40.73005294799805,-73.99107360839844,677113,338556.5
491,Spring St (6),M,6,True,40.7223014831543,-73.99713897705078,669738,334869.0
492,23 St (6),M,6,True,40.739864349365234,-73.98660278320312,658790,329395.0
493,"Kew Gardens-Union Turnpike (E,F)",Q,"F,E",True,40.71443939208984,-73.83100891113281,653224,326612.0
494,86 St (1),M,1,True,40.78864288330078,-73.9762191772461,652766,326383.0
495,28 St (6),M,6,True,40.74306869506836,-73.98426055908203,648050,324025.0
496,"Nostrand Av (A,C)",BK,"C,A",True,40.68043899536133,-73.95042419433594,639511,319755.5
497,79 St (1),M,1,True,40.783935546875,-73.97991943359375,633756,316878.0
498,"DeKalb Av (B,Q,R)",BK,"R,Q,B",True,40.69063568115234,-73.98182678222656,627801,313900.5
499,96 St (Q),M,Q,True,40.78431701660156,-73.94715118408203,616554,308277.0
500,"Jamaica Center-Parsons-Archer (E,J,Z)",Q,"J,E,Z",True,40.7021484375,-73.80110931396484,616391,308195.5
501,Christopher St-Sheridan Sq (1),M,1,True,40.7334213256836,-74.0029067993164,613046,306523.0
502,"23 St (C,E)",M,"C,E",True,40.745906829833984,-73.99803924560547,607936,303968.0
503,"Bowling Green (4,5)",M,"5,4",True,40.70481872558594,-74.01406860351562,607621,303810.5
504,"Lexington Av-63 St (F,Q)",M,"F,Q",True,40.76462936401367,-73.96611022949219,607522,303761.0
505,Mets-Willets Point (7),Q,7,True,40.75462341308594,-73.84562683105469,606121,303060.5
506,"Woodhaven Blvd (M,R)",Q,"M,R",True,40.73310470581055,-73.86923217773438,599471,299735.5
507,"Franklin Av (2,3,4,5)/Botanic Garden (S)",BK,"3,2,5,4,,S",True,40.67068099975586,-73.9581298828125,596556,298278.0
508,"Canal St (A,C,E)",M,"C,E,A",True,40.7208251953125,-74.0052261352539,592773,296386.5
509,23 St (1),M,1,True,40.74407958984375,-73.99565887451172,582884,291442.0
510,"7 Av (B,D,E)",M,"E,B,D",True,40.76286315917969,-73.98163604736328,572945,286472.5
511,"5 Av-59 St (N,R,W)",M,"N,R,W",True,40.76481246948242,-73.97335052490234,572367,286183.5
512,"36 St (D,N,R)",BK,"N,R,D",True,40.65514373779297,-74.00354766845703,567420,283710.0
513,Cathedral Pkwy-110 St (1),M,1,True,40.8039665222168,-73.96685028076172,541923,270961.5
514,"28 St (R,W)",M,"R,W",True,40.7454948425293,-73.98869323730469,541114,270557.0
515,"Kings Hwy (B,Q)",BK,"Q,B",True,40.60866928100586,-73.95773315429688,538134,269067.0
516,Vernon Blvd-Jackson Av (7),Q,7,True,40.74262619018555,-73.95358276367188,524971,262485.5
517,"Grand Av-Newtown (M,R)",Q,"M,R",True,40.73701477050781,-73.8772201538086,524515,262257.5
518,"Hoyt-Schermerhorn Sts (A,C,G)",BK,"C,G,A",True,40.68848419189453,-73.98500061035156,521723,260861.5
519,103 St (1),M,1,True,40.79944610595703,-73.96837615966797,520856,260428.0
520,"Queens Plaza (E,M,R)",Q,"M,E,R",True,40.74897384643555,-73.93724060058594,516649,258324.5
521,Parkchester (6),BX,6,True,40.83322525024414,-73.8608169555664,514930,257465.0
522,82 St-Jackson Hts (7),Q,7,True,40.747657775878906,-73.88369750976562,510144,255072.0
523,WTC Cortlandt (1),M,1,True,40.71183395385742,-74.01219177246094,506128,253064.0
524,"Marcy Av (J,M,Z)",BK,"M,J,Z",True,40.70835876464844,-73.95775604248047,504042,252021.0
525,116 St-Columbia University (1),M,1,True,40.80772018432617,-73.964111328125,493949,246974.5
526,"Utica Av (A,C)",BK,"C,A",True,40.67936325073242,-73.93073272705078,491546,245773.0
527,137 St-City College (1),M,1,True,40.82200622558594,-73.95367431640625,486271,243135.5
528,"4 Av (F,G)/9 St (R)",BK,"F,R,G,",True,40.67084884643555,-73.9883041381836,485030,242515.0
529,"Wall St (2,3)",M,"3,2",True,40.70682144165039,-74.00910186767578,478188,239094.0
530,Jamaica-179 St (F),Q,F,True,40.712646484375,-73.7838134765625,470118,235059.0
531,"125 St (2,3)",M,"3,2",True,40.80775451660156,-73.94549560546875,467962,233981.0
532,"Flatbush Av-Brooklyn College (2,5)",BK,"2,5",True,40.6328353881836,-73.94763946533203,466480,233240.0
533,"Bergen St (F,G)",BK,"F,G",True,40.6861457824707,-73.99085998535156,466258,233129.0
534,"Astoria-Ditmars Blvd (N,W)",Q,"N,W",True,40.7750358581543,-73.91203308105469,466015,233007.5
535,28 St (1),M,1,True,40.747215270996094,-73.99336242675781,464766,232383.0
536,68 St-Hunter College (6),M,6,True,40.76814270019531,-73.9638671875,464608,232304.0
537,DeKalb Av (L),BK,L,True,40.70381164550781,-73.91842651367188,463546,231773.0
538,46 St-Bliss St (7),Q,7,True,40.74313354492188,-73.9184341430664,461984,230992.0
539,Jefferson St (L),BK,L,True,40.70660781860352,-73.92291259765625,461780,230890.0
540,57 St (F),M,F,True,40.763973236083984,-73.97744750976562,460101,230050.5
541,Fordham Rd (4),BX,4,True,40.8628044128418,-73.90103149414062,452082,226041.0
542,Nassau Av (G),BK,G,True,40.72463607788086,-73.95127868652344,451302,225651.0
543,"72 St (B,C)",M,"C,B",True,40.77559280395508,-73.97640991210938,451231,225615.5
544,"Myrtle Av (J,M,Z)",BK,"M,J,Z",True,40.697208404541016,-73.93565368652344,450910,225455.0
545,"Steinway St (M,R)",Q,"M,R",True,40.75687789916992,-73.92073822021484,448908,224454.0
546,"30 Av (N,W)",Q,"N,W",True,40.76678085327149,-73.92147827148438,448825,224412.5
547,"Broadway (N,W)",Q,"N,W",True,40.76182174682617,-73.92550659179688,440630,220315.0
548,"Brighton Beach (B,Q)",BK,"Q,B",True,40.57762145996094,-73.96137237548828,438796,219398.0
549,8 Av (N),BK,N,True,40.63506317138672,-74.01171875,430351,215175.5
550,"Chambers St (1,2,3)",M,"3,1,2",True,40.715476989746094,-74.00926971435547,430157,215078.5
551,96 St (6),M,6,True,40.78567123413086,-73.9510726928711,428612,214306.0
552,"Wall St (4,5)",M,"5,4",True,40.707557678222656,-74.0118637084961,426732,213366.0
553,116 St (6),M,6,True,40.79862976074219,-73.94161987304688,424560,212280.0
554,"59 St (N,R)",BK,"N,R",True,40.641361236572266,-74.01788330078125,423528,211764.0
555,"7 Av (F,G)",BK,"F,G",True,40.6662712097168,-73.98030853271484,423363,211681.5
556,"Church Av (B,Q)",BK,"Q,B",True,40.65052795410156,-73.96298217773438,422334,211167.0
557,"3 Av-149 St (2,5)",BX,"2,5",True,40.81610870361328,-73.91775512695312,418350,209175.0
558,"63 Dr-Rego Park (M,R)",Q,"M,R",True,40.7298469543457,-73.86160278320312,413181,206590.5
559,111 St (7),Q,7,True,40.751731872558594,-73.85533142089844,403242,201621.0
560,181 St (1),M,1,True,40.84950637817383,-73.93359375,395290,197645.0
561,"5 Av-53 St (E,M)",M,"M,E",True,40.76016616821289,-73.97522735595703,394320,197160.0
562,"Prospect Park (B,Q,S)",BK,"Q,S,B",True,40.66161346435547,-73.96224975585938,393767,196883.5
563,Greenpoint Av (G),BK,G,True,40.731353759765625,-73.95445251464844,386883,193441.5
564,"Carroll St (F,G)",BK,"F,G",True,40.680301666259766,-73.99504852294922,386421,193210.5
565,Houston St (1),M,1,True,40.72825241088867,-74.00536346435547,384689,192344.5
566,"Elmhurst Av (M,R)",Q,"M,R",True,40.742454528808594,-73.88201904296875,384040,192020.0
567,"Spring St (C,E)",M,"C,E",True,40.72622680664063,-74.00373840332031,383154,191577.0
568,"Church Av (F,G)",BK,"F,G",True,40.644039154052734,-73.97967529296875,381801,190900.5
569,157 St (1),M,1,True,40.83404159545898,-73.94489288330078,372953,186476.5
570,"86 St (B,C)",M,"C,B",True,40.78586959838867,-73.96891784667969,370388,185194.0
571,"High St (A,C)",BK,"C,A",True,40.699337005615234,-73.99053192138672,369523,184761.5
572,86 St (R),BK,R,True,40.62268829345703,-74.02839660644531,366339,183169.5
573,Bedford-Nostrand Avs (G),BK,G,True,40.68962860107422,-73.95352172851562,363638,181819.0
574,145 St (1),M,1,True,40.8265495300293,-73.95036315917969,362545,181272.5
575,"Euclid Av (A,C)",BK,"C,A",True,40.67537689208984,-73.87210845947266,358128,179064.0
576,Graham Av (L),BK,L,True,40.71456527709961,-73.94405364990234,357952,178976.0
577,"Sheepshead Bay (B,Q)",BK,"Q,B",True,40.58689498901367,-73.95415496826172,352941,176470.5
578,"116 St (2,3)",M,"3,2",True,40.80209732055664,-73.94962310791016,352652,176326.0
579,"Nevins St (2,3,4,5)",BK,"3,2,5,4",True,40.68824768066406,-73.9804916381836,349197,174598.5
580,Morgan Av (L),BK,L,True,40.706153869628906,-73.93314361572266,348196,174098.0
581,103 St (6),M,6,True,40.79059982299805,-73.94747924804688,345107,172553.5
582,"Clark St (2,3)",BK,"3,2",True,40.69746780395508,-73.99308776855469,344884,172442.0
583,"Astoria Blvd (N,W)",Q,"N,W",True,40.77025985717773,-73.9178466796875,344702,172351.0
584,"Broadway Junction (A,C,J,L,Z)",BK,"J,C,Z,A,L",True,40.67949676513672,-73.90451049804688,344699,172349.5
585,167 St (4),BX,4,True,40.83553695678711,-73.92140197753906,341353,170676.5
586,Kingsbridge Rd (4),BX,4,True,40.86775970458984,-73.89717102050781,339579,169789.5
587,125 St (1),M,1,True,40.81558227539063,-73.9583740234375,337643,168821.5
588,"135 St (2,3)",M,"3,2",True,40.81422805786133,-73.9407730102539,337146,168573.0
589,Roosevelt Island (F),M,F,True,40.7591438293457,-73.95326232910156,337003,168501.5
590,Montrose Av (L),BK,L,True,40.707740783691406,-73.93984985351562,332343,166171.5
591,Burnside Av (4),BX,4,True,40.85345458984375,-73.90768432617188,331990,165995.0
592,40 St-Lowery St (7),Q,7,True,40.74378204345703,-73.92401885986328,316887,158443.5
593,3 Av (L),M,L,True,40.73284912109375,-73.98612213134766,316792,158396.0
594,53 St (R),BK,R,True,40.64506912231445,-74.01403045654297,314679,157339.5
595,110 St (6),M,6,True,40.795021057128906,-73.94425201416016,313842,156921.0
596,18 St (1),M,1,True,40.74103927612305,-73.99787139892578,312630,156315.0
597,"Hoyt St (2,3)",BK,"3,2",True,40.69054412841797,-73.98506164550781,309283,154641.5
598,45 St (R),BK,R,True,40.6489372253418,-74.010009765625,305944,152972.0
599,"Grand Army Plaza (2,3)",BK,"3,2",True,40.675235748291016,-73.9710464477539,304771,152385.5
600,Hunts Point Av (6),BX,6,True,40.82094955444336,-73.89054870605469,297972,148986.0
601,175 St (A),M,A,True,40.847389221191406,-73.93970489501953,297580,148790.0
602,"Church Av (2,5)",BK,"2,5",True,40.65084457397461,-73.94957733154297,295795,147897.5
603,Mosholu Pkwy (4),BX,4,True,40.8797492980957,-73.88465881347656,293400,146700.0
604,"Newkirk Plaza (B,Q)",BK,"Q,B",True,40.63508224487305,-73.9627914428711,292217,146108.5
605,"Cathedral Pkwy-110 St (B,C)",M,"C,B",True,40.80060195922852,-73.95816040039062,290826,145413.0
606,"149 St-Grand Concourse (2,4,5)",BX,"2,5,4",True,40.81837463378906,-73.92735290527344,289540,144770.0
607,"96 St (B,C)",M,"C,B",True,40.79164123535156,-73.9646987915039,287686,143843.0
608,"Central Park North-110 St (2,3)",M,"3,2",True,40.799076080322266,-73.95182037353516,279648,139824.0
609,Fulton St (G),BK,G,True,40.68711853027344,-73.97537231445312,278997,139498.5
610,21 St-Queensbridge (F),Q,F,True,40.75420379638672,-73.94283294677734,278113,139056.5
611,Rector St (1),M,1,True,40.70751190185547,-74.01378631591797,274826,137413.0
612,Union St (R),BK,R,True,40.67731475830078,-73.98310852050781,272487,136243.5
613,"7 Av (B,Q)",BK,"Q,B",True,40.67705154418945,-73.97236633300781,266694,133347.0
614,Bay Pkwy (D),BK,D,True,40.60187530517578,-73.99372863769531,265829,132914.5
615,Bay Ridge Av (R),BK,R,True,40.63496780395508,-74.02337646484375,265742,132871.0
616,"Eastern Pkwy-Brooklyn Museum (2,3)",BK,"3,2",True,40.6719856262207,-73.9643783569336,264225,132112.5
617,Halsey St (L),BK,L,True,40.69560241699219,-73.90408325195312,261821,130910.5
618,Clinton-Washington Avs (C),BK,C,True,40.68326187133789,-73.96583557128906,260320,130160.0
619,191 St (1),M,1,True,40.855224609375,-73.92941284179688,258998,129499.0
620,231 St (1),BX,1,True,40.87885665893555,-73.90483093261719,258082,129041.0
621,Bay Pkwy (N),BK,N,True,40.61181640625,-73.98184967041016,257300,128650.0
622,Inwood-207 St (A),M,A,True,40.868072509765625,-73.9198989868164,257225,128612.5
623,Parsons Blvd (F),Q,F,True,40.70756530761719,-73.80332946777344,256898,128449.0
624,Dyckman St (1),M,1,True,40.86053085327149,-73.925537109375,255750,127875.0
625,Kingston-Throop Avs (C),BK,C,True,40.6799201965332,-73.94085693359375,251777,125888.5
626,Avenue U (Q),BK,Q,True,40.59930038452149,-73.9559326171875,250215,125107.5
627,Lafayette Av (C),BK,C,True,40.68611145019531,-73.97394561767578,249337,124668.5
628,170 St (4),BX,4,True,40.8400764465332,-73.91779327392578,249141,124570.5
629,"East 180 St (2,5)",BX,"2,5",True,40.84189224243164,-73.87348937988281,248990,124495.0
630,Parkside Av (Q),BK,Q,True,40.65529251098633,-73.96149444580078,248493,124246.5
631,"116 St (B,C)",M,"C,B",True,40.805084228515625,-73.95487976074219,248459,124229.5
632,"Gates Av (J,Z)",BK,"J,Z",True,40.68962860107422,-73.92227172851562,248345,124172.5
633,"46 St (M,R)",Q,"M,R",True,40.75631332397461,-73.913330078125,246279,123139.5
634,"15 St-Prospect Park (F,G)",BK,"F,G",True,40.66036605834961,-73.9794921875,241140,120570.0
635,3 Av-138 St (6),BX,6,True,40.81047439575195,-73.92613983154297,238235,119117.5
636,181 St (A),M,A,True,40.8516960144043,-73.9379653930664,234324,117162.0
637,Grand St (L),BK,L,True,40.7119255065918,-73.94066619873047,233278,116639.0
638,"Flushing Av (J,M)",BK,"M,J",True,40.70026016235352,-73.94112396240234,232925,116462.5
639,69 St (7),Q,7,True,40.7463264465332,-73.89640045166016,231685,115842.5
640,Classon Av (G),BK,G,True,40.688873291015625,-73.96006774902344,229378,114689.0
641,Kosciuszko St (J),BK,J,True,40.69334030151367,-73.92881774902344,225437,112718.5
642,"Franklin Av (C,S)",BK,"C,S",True,40.68138122558594,-73.95684814453125,225104,112552.0
643,"Pelham Pkwy (2,5)",BX,"2,5",True,40.85719299316406,-73.86761474609375,224327,112163.5
644,"36 Av (N,W)",Q,"N,W",True,40.75680541992188,-73.92957305908203,223295,111647.5
645,169 St (F),Q,F,True,40.71046829223633,-73.7936019897461,222849,111424.5
646,Halsey St (J),BK,J,True,40.686370849609375,-73.91655731201172,222002,111001.0
647,207 St (1),M,1,True,40.86462020874024,-73.9188232421875,220962,110481.0
648,Fort Hamilton Pkwy (N),BK,N,True,40.631385803222656,-74.0053482055664,219304,109652.0
649,52 St (7),Q,7,True,40.74414825439453,-73.91255187988281,218513,109256.5
650,"Bowery (J,Z)",M,"J,Z",True,40.72027969360352,-73.99391174316406,217957,108978.5
651,183 St (4),BX,4,True,40.85840606689453,-73.90387725830078,214441,107220.5
652,"Winthrop St (2,5)",BK,"2,5",True,40.65665054321289,-73.95020294189453,207765,103882.5
653,Cortelyou Rd (Q),BK,Q,True,40.640926361083984,-73.9638900756836,207577,103788.5
654,"Fort Hamilton Pkwy (F,G)",BK,"F,G",True,40.65078353881836,-73.97577667236328,207352,103676.0
655,Kings Hwy (N),BK,N,True,40.60392379760742,-73.98035430908203,206197,103098.5
656,Bedford Park Blvd-Lehman College (4),BX,4,True,40.8734130859375,-73.89006042480469,205500,102750.0
657,Clinton-Washington Avs (G),BK,G,True,40.688087463378906,-73.96684265136719,203879,101939.5
658,Rockaway Blvd (A),Q,A,True,40.68042755126953,-73.84385681152344,201120,100560.0
659,Myrtle-Willoughby Avs (G),BK,G,True,40.6945686340332,-73.94904327392578,200337,100168.5
660,18 Av (D),BK,D,True,40.60795211791992,-74.00173950195312,199523,99761.5
661,"Newkirk Av (2,5)",BK,"2,5",True,40.63996887207031,-73.94841003417969,198621,99310.5
662,9 Av (D),BK,D,True,40.64629364013672,-73.99432373046875,198051,99025.5
663,"67 Av (M,R)",Q,"M,R",True,40.726524353027344,-73.85272216796875,197912,98956.0
664,18 Av (N),BK,N,True,40.62067031860352,-73.99041748046875,193189,96594.5
665,Broadway (G),BK,G,True,40.706092834472656,-73.95030975341797,192799,96399.5
666,Dyckman St (A),M,A,True,40.8654899597168,-73.9272689819336,192231,96115.5
667,Woodlawn (4),BX,4,True,40.88603591918945,-73.87875366210938,190734,95367.0
668,"Bergen St (2,3)",BK,"3,2",True,40.68082809448242,-73.97509765625,187543,93771.5
669,New Utrecht Av (N)/62 St (D),BK,"N,,D",True,40.62647247314453,-73.99635314941406,186392,93196.0
670,Elder Av (6),BX,6,True,40.82858276367188,-73.87915802001953,185975,92987.5
671,"Sterling St (2,5)",BK,"2,5",True,40.662742614746094,-73.95085144042969,184871,92435.5
672,Canal St (1),M,1,True,40.72285461425781,-74.00627899169922,183896,91948.0
673,79 St (D),BK,D,True,40.613502502441406,-74.0006103515625,180753,90376.5
674,"Gun Hill Rd (2,5)",BX,"2,5",True,40.87784957885742,-73.86625671386719,179007,89503.5
675,Prospect Av (R),BK,R,True,40.66541290283203,-73.99287414550781,178097,89048.5
676,Ralph Av (C),BK,C,True,40.6788215637207,-73.92078399658203,178066,89033.0
677,176 St (4),BX,4,True,40.848480224609375,-73.91179656982422,176650,88325.0
678,"Northern Blvd (M,R)",Q,"M,R",True,40.75288391113281,-73.906005859375,176506,88253.0
679,"Simpson St (2,5)",BX,"2,5",True,40.82407379150391,-73.89306640625,176346,88173.0
680,Morrison Av-Soundview (6),BX,6,True,40.82952117919922,-73.87451934814453,176282,88141.0
681,"103 St (B,C)",M,"C,B",True,40.79609298706055,-73.96145629882812,175278,87639.0
682,20 Av (D),BK,D,True,40.60455703735352,-73.9981689453125,174929,87464.5
683,Franklin St (1),M,1,True,40.71931838989258,-74.00688934326172,174925,87462.5
684,Van Cortlandt Park-242 St (1),BX,1,True,40.88924789428711,-73.8985824584961,174087,87043.5
685,Pelham Bay Park (6),BX,6,True,40.85246276855469,-73.82811737060547,172577,86288.5
686,Sutter Av-Rutland Rd (3),BK,3,True,40.66471862792969,-73.922607421875,169420,84710.0
687,77 St (R),BK,R,True,40.62974166870117,-74.0255126953125,168566,84283.0
688,71 St (D),BK,D,True,40.619590759277344,-73.99886322021484,167554,83777.0
689,Rockaway Av (C),BK,C,True,40.678340911865234,-73.91194915771484,166150,83075.0
690,Avenue J (Q),BK,Q,True,40.625038146972656,-73.96080017089844,164784,82392.0
691,Bay Ridge-95 St (R),BK,R,True,40.61662292480469,-74.03087615966797,164346,82173.0
692,"Broad St (J,Z)",M,"J,Z",True,40.70647430419922,-74.01105499267578,162628,81314.0
693,St George,SI,SIR,True,40.643748,-74.073643,162488,81244.0
694,Mt Eden Av (4),BX,4,True,40.84443283081055,-73.91468811035156,161312,80656.0
695,Avenue M (Q),BK,Q,True,40.617618560791016,-73.95939636230469,160908,80454.0
696,"Rector St (R,W)",M,"R,W",True,40.707218170166016,-74.01334381103516,158216,79108.0
697,Brook Av (6),BX,6,True,40.80756759643555,-73.91924285888672,158181,79090.5
698,"Prospect Av (2,5)",BX,"2,5",True,40.819583892822266,-73.90177154541016,154563,77281.5
699,Ozone Park-Lefferts Blvd (A),Q,A,True,40.68595123291016,-73.82579803466797,153806,76903.0
700,Marble Hill-225 St (1),M,1,True,40.87456130981445,-73.90982818603516,153263,76631.5
701,Kingston Av (3),BK,3,True,40.66939926147461,-73.9421615600586,150839,75419.5
702,Grant Av (A),BK,A,True,40.67704391479492,-73.86505126953125,150508,75254.0
703,New Lots Av (3),BK,3,True,40.666236877441406,-73.88407897949219,149166,74583.0
704,"Smith-9 Sts (F,G)",BK,"F,G",True,40.67358016967773,-73.99595642089844,148655,74327.5
705,25 Av (D),BK,D,True,40.59770584106445,-73.98683166503906,148485,74242.5
706,"174 St (2,5)",BX,"2,5",True,40.83728790283203,-73.88773345947266,148337,74168.5
707,"West Farms Sq-East Tremont Av (2,5)",BX,"2,5",True,40.840293884277344,-73.88005065917969,147939,73969.5
708,"Lorimer St (J,M)",BK,"M,J",True,40.7038688659668,-73.9474105834961,147539,73769.5
709,163 St-Amsterdam Av (C),M,C,True,40.83601379394531,-73.93989562988281,146849,73424.5
710,Wilson Av (L),BK,L,True,40.68876266479492,-73.90404510498047,145440,72720.0
711,"Fordham Rd (B,D)",BX,"B,D",True,40.86129760742188,-73.89775085449219,145032,72516.0
712,"135 St (B,C)",M,"C,B",True,40.8178939819336,-73.94764709472656,144716,72358.0
713,East 149 St (6),BX,6,True,40.81211853027344,-73.90409851074219,143806,71903.0
714,"City Hall (R,W)",M,"R,W",True,40.71328353881836,-74.0069808959961,141851,70925.5
715,Jamaica-Van Wyck (E),Q,E,True,40.70256423950195,-73.81685638427734,140739,70369.5
716,Avenue U (N),BK,N,True,40.59747314453125,-73.97913360595703,140663,70331.5
717,"Beverly Rd (2,5)",BK,"2,5",True,40.64509963989258,-73.94895935058594,139863,69931.5
718,Neck Rd (Q),BK,Q,True,40.595245361328125,-73.95516204833984,139384,69692.0
719,Fresh Pond Rd (M),Q,M,True,40.70618438720703,-73.8958740234375,139114,69557.0
720,"Briarwood-Van Wyck Blvd (E,F)",Q,"F,E",True,40.70917892456055,-73.82057189941406,137545,68772.5
721,238 St (1),BX,1,True,40.88466644287109,-73.90087127685547,137108,68554.0
722,Nostrand Av (3),BK,3,True,40.66984558105469,-73.9504623413086,134794,67397.0
723,"West 8 St-New York Aquarium (F,Q)",BK,"F,Q",True,40.57612609863281,-73.97593688964844,133742,66871.0
724,Wakefield-241 St (2),BX,2,True,40.90312576293945,-73.85061645507812,130773,65386.5
725,Ocean Pkwy (Q),BK,Q,True,40.57631301879883,-73.96849822998047,130695,65347.5
726,Sutphin Blvd (F),Q,F,True,40.70545959472656,-73.81070709228516,129993,64996.5
727,190 St (A),M,A,True,40.8590202331543,-73.9341812133789,129789,64894.5
728,"Crescent St (J,Z)",BK,"J,Z",True,40.68319320678711,-73.87378692626953,129460,64730.0
729,Howard Beach-JFK Airport (A),Q,A,True,40.66047668457031,-73.8302993774414,126069,63034.5
730,20 Av (N),BK,N,True,40.617408752441406,-73.98502349853516,126016,63008.0
731,25 St (R),BK,R,True,40.66039657592773,-73.99809265136719,125708,62854.0
732,St Lawrence Av (6),BX,6,True,40.83150863647461,-73.86761474609375,124704,62352.0
733,Beverley Rd (Q),BK,Q,True,40.6440315246582,-73.96449279785156,124576,62288.0
734,"Allerton Av (2,5)",BX,"2,5",True,40.86546325683594,-73.86735534667969,123587,61793.5
735,Knickerbocker Av (M),BK,M,True,40.69866561889648,-73.91970825195312,122553,61276.5
736,"167 St (B,D)",BX,"B,D",True,40.833770751953125,-73.91844177246094,119451,59725.5
737,Pennsylvania Av (3),BK,3,True,40.66463470458984,-73.8948974609375,119335,59667.5
738,"Hewes St (J,M)",BK,"M,J",True,40.70687103271485,-73.95343017578125,118488,59244.0
739,Saratoga Av (3),BK,3,True,40.66145324707031,-73.91632843017578,117257,58628.5
740,33 St-Rawson St (7),Q,7,True,40.74458694458008,-73.93099975585938,116964,58482.0
741,"Chauncey St (J,Z)",BK,"J,Z",True,40.682891845703125,-73.91045379638672,116490,58245.0
742,"233 St (2,5)",BX,"2,5",True,40.893192291259766,-73.85747528076172,116277,58138.5
743,"39 Av (N,W)",Q,"N,W",True,40.75288009643555,-73.93275451660156,115407,57703.5
744,80 St (A),Q,A,True,40.67937088012695,-73.85899353027344,114683,57341.5
745,Fort Hamilton Pkwy (D),BK,D,True,40.64091491699219,-73.99430084228516,114301,57150.5
746,Far Rockaway-Mott Av (A),Q,A,True,40.60399627685547,-73.75540161132812,111458,55729.0
747,Rockaway Av (3),BK,3,True,40.66254806518555,-73.90894317626953,111065,55532.5
748,Central Av (M),BK,M,True,40.69785690307617,-73.92739868164062,110627,55313.5
749,"Jackson Av (2,5)",BX,"2,5",True,40.81649017333984,-73.90780639648438,109275,54637.5
750,Forest Av (M),Q,M,True,40.70442199707031,-73.903076171875,109208,54604.0
751,Harlem-148 St (3),M,3,True,40.82387924194336,-73.93647003173828,107514,53757.0
752,"138 St-Grand Concourse (4,5)",BX,"5,4",True,40.81322479248047,-73.92984771728516,107484,53742.0
753,"Freeman St (2,5)",BX,"2,5",True,40.82999420166016,-73.8918685913086,105452,52726.0
754,"65 St (M,R)",Q,"M,R",True,40.74966812133789,-73.89845275878906,103924,51962.0
755,155 St (C),M,C,True,40.83051681518555,-73.94151306152344,97592,48796.0
756,Castle Hill Av (6),BX,6,True,40.83425521850586,-73.8512191772461,97540,48770.0
757,"Bedford Park Blvd (B,D)",BX,"B,D",True,40.87324523925781,-73.88713836669922,96602,48301.0
758,"75 Av (E,F)",Q,"F,E",True,40.71833038330078,-73.83732604980469,94991,47495.5
759,"President St (2,5)",BK,"2,5",True,40.66788482666016,-73.95068359375,94195,47097.5
760,Gun Hill Rd (5),BX,5,True,40.86952590942383,-73.84638214111328,93151,46575.5
761,Longwood Av (6),BX,6,True,40.816104888916016,-73.89643859863281,91525,45762.5
762,86 St (N),BK,N,True,40.59272003173828,-73.97823333740234,90949,45474.5
763,50 St (D),BK,D,True,40.636260986328125,-73.99478912353516,90913,45456.5
764,"Tremont Av (B,D)",BX,"B,D",True,40.85041046142578,-73.90522766113281,90074,45037.0
765,Flushing Av (G),BK,G,True,40.70037841796875,-73.95023345947266,88756,44378.0
766,New Lots Av (L),BK,L,True,40.65873336791992,-73.89923095703125,88635,44317.5
767,Norwood-205 St (D),BX,D,True,40.87480926513672,-73.87885284423828,88423,44211.5
768,Canarsie-Rockaway Pkwy (L),BK,L,True,40.64665222167969,-73.90184783935547,87676,43838.0
769,Avenue H (Q),BK,Q,True,40.62926864624024,-73.96163940429688,85738,42869.0
770,Seneca Av (M),Q,M,True,40.702762603759766,-73.9077377319336,85638,42819.0
771,"36 St (M,R)",Q,"M,R",True,40.75204086303711,-73.92877960205078,85520,42760.0
772,"Kingsbridge Rd (B,D)",BX,"B,D",True,40.86697769165039,-73.89350891113281,85142,42571.0
773,Bushwick Av-Aberdeen St (L),BK,L,True,40.68283081054688,-73.9052505493164,84223,42111.5
774,Bay 50 St (D),BK,D,True,40.58884048461914,-73.9837646484375,83298,41649.0
775,21 St (G),Q,G,True,40.74406433105469,-73.94972229003906,82629,41314.5
776,Livonia Av (L),BK,L,True,40.664039611816406,-73.90057373046875,82082,41041.0
777,"225 St (2,5)",BX,"2,5",True,40.88802337646485,-73.86034393310547,81433,40716.5
778,"170 St (B,D)",BX,"B,D",True,40.83930587768555,-73.91339874267578,80690,40345.0
779,Beach 67 St-Arverne By The Sea (A),Q,A,True,40.59092712402344,-73.79692077636719,80306,40153.0
780,Middle Village-Metropolitan Av (M),Q,M,True,40.71139526367188,-73.88960266113281,80149,40074.5
781,"155 St (B,D)",M,"B,D",True,40.83013534545898,-73.9382095336914,77260,38630.0
782,Shepherd Av (C),BK,C,True,40.674129486083984,-73.88075256347656,76868,38434.0
783,145 St (3),M,3,True,40.82041931152344,-73.93624877929688,76755,38377.5
784,Westchester Sq-East Tremont Av (6),BX,6,True,40.83989334106445,-73.84294891357422,74750,37375.0
785,Van Siclen Av (C),BK,C,True,40.67271041870117,-73.8903579711914,74408,37204.0
786,"Intervale Av (2,5)",BX,"2,5",True,40.82218170166016,-73.89673614501953,73709,36854.5
787,Kings Hwy (F),BK,F,True,40.60321807861328,-73.97235870361328,72695,36347.5
788,Buhre Av (6),BX,6,True,40.84680938720703,-73.83256530761719,72219,36109.5
789,Junius St (3),BK,3,True,40.66351318359375,-73.90245056152344,71980,35990.0
790,"Nereid Av (2,5)",BX,"2,5",True,40.898380279541016,-73.85437774658203,71943,35971.5
791,85 St-Forest Pkwy (J),Q,J,True,40.69243621826172,-73.8600082397461,70990,35495.0
792,"219 St (2,5)",BX,"2,5",True,40.88389587402344,-73.86263275146484,70492,35246.0
793,"Burke Av (2,5)",BX,"2,5",True,40.87135696411133,-73.8671646118164,70164,35082.0
794,"Van Siclen Av (J,Z)",BK,"J,Z",True,40.67802429199219,-73.89168548583984,69917,34958.5
795,215 St (1),M,1,True,40.86944580078125,-73.91527557373047,69229,34614.5
796,East 105 St (L),BK,L,True,40.65057373046875,-73.89948272705078,67304,33652.0
797,Cypress Av (6),BX,6,True,40.80536651611328,-73.9140396118164,67075,33537.5
798,"182-183 Sts (B,D)",BX,"B,D",True,40.85609436035156,-73.90074157714844,67044,33522.0
799,Eastchester-Dyre Av (5),BX,5,True,40.888301849365234,-73.8308334350586,66828,33414.0
800,88 St (A),Q,A,True,40.67984390258789,-73.85147094726562,66659,33329.5
801,Van Siclen Av (3),BK,3,True,40.66544723510742,-73.88939666748047,64681,32340.5
802,Cleveland St (J),BK,J,True,40.67994689941406,-73.88463592529297,63147,31573.5
803,Ditmas Av (F),BK,F,True,40.6361198425293,-73.9781723022461,61738,30869.0
804,Liberty Av (C),BK,C,True,40.67454147338867,-73.89654541015625,60563,30281.5
805,"Norwood Av (J,Z)",BK,"J,Z",True,40.68141174316406,-73.88003540039062,60166,30083.0
806,Sutter Av (L),BK,L,True,40.66936874389648,-73.9019775390625,60021,30010.5
807,18 Av (F),BK,F,True,40.62975311279297,-73.97697448730469,60007,30003.5
808,"174-175 Sts (B,D)",BX,"B,D",True,40.84590148925781,-73.9101333618164,59033,29516.5
809,"Bronx Park East (2,5)",BX,"2,5",True,40.84882736206055,-73.86845397949219,56894,28447.0
810,Park Pl (S),BK,S,True,40.67477035522461,-73.95762634277344,56540,28270.0
811,Whitlock Av (6),BX,6,True,40.8265266418457,-73.88628387451172,55294,27647.0
812,"Woodhaven Blvd (J,Z)",Q,"J,Z",True,40.693878173828125,-73.85157775878906,55182,27591.0
813,Hunters Point Av (7),Q,7,True,40.74221420288086,-73.94891357421875,53256,26628.0
814,Baychester Av (5),BX,5,True,40.878662109375,-73.83859252929688,52201,26100.5
815,Aqueduct Racetrack (A),Q,A,True,40.672096252441406,-73.83592224121094,50739,25369.5
816,Alabama Av (J),BK,J,True,40.6769905090332,-73.89865112304688,50260,25130.0
817,111 St (A),Q,A,True,40.684329986572266,-73.83216094970703,49300,24650.0
818,55 St (D),BK,D,True,40.63143539428711,-73.99547576904297,49024,24512.0
819,"104 St (J,Z)",Q,"J,Z",True,40.6951789855957,-73.84432983398438,47899,23949.5
820,Beach 60 St (A),Q,A,True,40.59237289428711,-73.78852081298828,47398,23699.0
821,Morris Park (5),BX,5,True,40.85436248779297,-73.8604965209961,46791,23395.5
822,"121 St (J,Z)",Q,"J,Z",True,40.70049285888672,-73.82829284667969,45918,22959.0
823,"Beach 90 St (A,S)",Q,"S,A",True,40.588035583496094,-73.81364440917969,45633,22816.5
824,Atlantic Av (L),BK,L,True,40.67534637451172,-73.9030990600586,45575,22787.5
825,Avenue N (F),BK,F,True,40.61513900756836,-73.97419738769531,45479,22739.5
826,Avenue P (F),BK,F,True,40.60894393920898,-73.9730224609375,43287,21643.5
827,Pelham Pkwy (5),BX,5,True,40.858985900878906,-73.85536193847656,43023,21511.5
828,Zerega Av (6),BX,6,True,40.83648681640625,-73.84703826904297,41713,20856.5
829,"75 St-Elderts Ln (J,Z)",Q,"J,Z",True,40.69132232666016,-73.86714172363281,37919,18959.5
830,Beach 25 St (A),Q,A,True,40.60006713867188,-73.7613525390625,37699,18849.5
831,111 St (J),Q,J,True,40.69741821289063,-73.83634185791016,37313,18656.5
832,104 St (A),Q,A,True,40.68170928955078,-73.83768463134766,35704,17852.0
833,Middletown Rd (6),BX,6,True,40.84386444091797,-73.83631896972656,34321,17160.5
834,"Rockaway Park-Beach 116 St (A,S)",Q,"S,A",True,40.580902099609375,-73.8355941772461,30268,15134.0
835,Avenue X (F),BK,F,True,40.58961868286133,-73.97425079345703,29087,14543.5
836,Avenue U (F),BK,F,True,40.59606170654297,-73.97335815429688,26825,13412.5
837,Avenue I (F),BK,F,True,40.62532043457031,-73.97612762451172,26253,13126.5
838,East 143 St-St Mary's St (6),BX,6,True,40.808719635009766,-73.90765380859375,23206,11603.0
839,Cypress Hills (J),BK,J,True,40.68994140625,-73.87255096435547,22872,11436.0
840,Beach 36 St (A),Q,A,True,40.59539794921875,-73.76817321777344,22339,11169.5
841,Bay Pkwy (F),BK,F,True,40.62076950073242,-73.97526550292969,21888,10944.0
842,"Beach 98 St (A,S)",Q,"S,A",True,40.58530807495117,-73.820556640625,19928,9964.0
843,Beach 44 St (A),Q,A,True,40.59294128417969,-73.77601623535156,18497,9248.5
844,Aqueduct-North Conduit Av (A),Q,A,True,40.668235778808594,-73.83406066894531,17687,8843.5
845,"Beach 105 St (A,S)",Q,"S,A",True,40.58320999145508,-73.82756042480469,16649,8324.5
846,Neptune Av (F),BK,F,True,40.58101272583008,-73.97457122802734,16386,8193.0
847,"Broad Channel (A,S)",Q,"S,A",True,40.60838317871094,-73.81592559814453,6674,3337.0
